{"cameraMode":{"drawMode":0,"name":"Shaded","section":"Shading Mode"},"sceneLighting":true,"audioPlay":false,"sceneViewState":{"m_AlwaysRefresh":false,"showFog":true,"showSkybox":true,"showFlares":true,"showImageEffects":true,"showParticleSystems":true,"showVisualEffectGraphs":true,"m_FxEnabled":true},"in2DMode":false,"pivot":{"x":-15.253406524658204,"y":1.0042588710784913,"z":46.50130081176758},"rotation":{"x":0.08840307593345642,"y":-0.1034020408987999,"z":0.009227731265127659,"w":0.9906702041625977},"size":1.443764090538025,"orthographic":false}